address,network,purpose,entity_name,entity_source_url,entity_evidence,storage_type,storage_source_url,hardware_wallet,hardware_source_url,illicit_label,illicit_source_url,reviewed_at_utc,notes,collection_status,chain_tx_count_before,chain_tx_count_after,confirmed_balance_sat_before,observed_tx_count,coverage,stop_reason,oldest_observed_utc,newest_observed_utc,observed_received_sat,observed_spent_sat,error
16SbwNa22nBwhLtg6HzWVYFQiUxtNzAUpt,bitcoin_mainnet,api_smoke_test,BTC-e.com,https://www.walletexplorer.com/api/1/address-lookup?address=16SbwNa22nBwhLtg6HzWVYFQiUxtNzAUpt,provider_attribution,unknown,,unknown,,unknown,,2026-10-05T03:24:34.787705+00:00,WalletExplorer documentation example; not independent ground truth; label validity period unknown.,ok,962,962,0,25,partial,page_limit,2016-04-03T18:55:34+00:00,2016-04-25T17:12:50+00:00,218939229,1450906779,
1Kr6QSydW9bFQG1mXiPNNu6WpJGmUa9i1g,bitcoin_mainnet,research_sample,Bitfinex,https://github.com/bitfinexcom/pub/blob/83d06bdb5f5a2ce05d5ba2db5a426dd44c9f5128/wallets.txt,first_party_publication,hot,https://github.com/bitfinexcom/pub/blob/83d06bdb5f5a2ce05d5ba2db5a426dd44c9f5128/wallets.txt,unknown,,unknown,,2026-10-05T04:29:06+00:00,Self-declared hot wallet in pinned publication; operational validity interval not specified; not a cryptographic ownership proof.,ok,489936,489936,19382631847,25,partial,page_limit,2026-10-04T18:45:36+00:00,2026-10-05T04:29:31+00:00,295115280450,304206072821,
3JZq4atUahhuA9rLhXLMhhTo133J9rF97j,bitcoin_mainnet,research_sample,Bitfinex,https://github.com/bitfinexcom/pub/blob/83d06bdb5f5a2ce05d5ba2db5a426dd44c9f5128/wallets.txt,first_party_publication,cold,https://github.com/bitfinexcom/pub/blob/83d06bdb5f5a2ce05d5ba2db5a426dd44c9f5128/wallets.txt,unknown,,unknown,,2026-10-05T04:29:06+00:00,Self-declared cold wallet in pinned publication; operational validity interval not specified; not a cryptographic ownership proof.,ok,6061,6061,2277145903547,25,partial,page_limit,2026-08-07T09:39:22+00:00,2026-10-01T09:47:25+00:00,948730531547,0,
bc1qgdjqv0av3q56jvd82tkdjpy7gdp9ut8tlqmgrpmv24sq90ecnvqqjwvw97,bitcoin_mainnet,research_sample,Bitfinex,https://github.com/bitfinexcom/pub/blob/83d06bdb5f5a2ce05d5ba2db5a426dd44c9f5128/wallets.txt,first_party_publication,cold,https://github.com/bitfinexcom/pub/blob/83d06bdb5f5a2ce05d5ba2db5a426dd44c9f5128/wallets.txt,unknown,,unknown,,2026-10-05T04:29:06+00:00,Self-declared cold wallet in pinned publication; operational validity interval not specified; not a cryptographic ownership proof.,ok,339,339,13001007903066,25,partial,page_limit,2025-12-20T22:52:30+00:00,2026-08-28T23:13:55+00:00,35110,0,
34xp4vRoCGJym3xR7yCVPFHoCNxv4Twseo,bitcoin_mainnet,research_sample,Binance,https://www.binance.com/en-IN/blog/community/2895840147147652626,first_party_publication,unknown,,unknown,,unknown,,2026-10-05T04:29:06+00:00,Historical reserve snapshot 2022-11-10T00:00:00Z; article updated 2023-10-09; hot/cold not assigned per address; current ownership not established.,ok,5586,5586,24859759262947,25,partial,page_limit,2026-07-03T15:17:51+00:00,2026-09-19T20:31:44+00:00,206419,0,
3LYJfcfHPXYJreMsASk2jkn69LWEYKzexb,bitcoin_mainnet,research_sample,Binance,https://www.binance.com/en-IN/blog/community/2895840147147652626,first_party_publication,unknown,,unknown,,unknown,,2026-10-05T04:29:06+00:00,Historical reserve snapshot 2022-11-10T00:00:00Z; article updated 2023-10-09; hot/cold not assigned per address; current ownership not established.,ok,170,170,6820000690011,25,partial,page_limit,2026-02-01T06:57:48+00:00,2026-08-28T23:13:55+00:00,20680,0,
3M219KR5vEneNb47ewrPfWyb5jQ2DjxRP6,bitcoin_mainnet,research_sample,Binance,https://www.binance.com/en-IN/blog/community/2895840147147652626,first_party_publication,unknown,,unknown,,unknown,,2026-10-05T04:29:06+00:00,Historical reserve snapshot 2022-11-10T00:00:00Z; article updated 2023-10-09; hot/cold not assigned per address; current ownership not established.,ok,605,605,20989145097413,25,partial,page_limit,2026-08-06T00:26:22+00:00,2026-09-22T19:45:45+00:00,4944503795522,2482850612726,
bc1qm34lsc65zpw79lxes69zkqmk6ee3ewf0j77s3h,bitcoin_mainnet,research_sample,Binance,https://www.binance.com/en-IN/blog/community/2895840147147652626,first_party_publication,unknown,,unknown,,unknown,,2026-10-05T04:29:06+00:00,Historical reserve snapshot 2022-11-10T00:00:00Z; article updated 2023-10-09; hot/cold not assigned per address; current ownership not established.,ok,2345262,2345262,843813489827,25,partial,page_limit,2026-10-05T04:29:31+00:00,2026-10-05T04:54:14+00:00,29391174318,20059221636,
bc1q43krjn8qvfydqs9lq8crg26er4c26hkpd2mpw7,bitcoin_mainnet,research_sample,Change,https://www.changeinvest.com/blog/change-proof-of-reserves-2025-update,first_party_publication,cold,https://www.changeinvest.com/blog/change-proof-of-reserves-2025-update,unknown,,unknown,,2026-10-05T04:42:49+00:00,Cold-storage snapshot 2025-03-31T23:59:00Z; published 2025-04-21; first three BTC rows selected in source order; report mentions Ledger at storage-system level but no address-specific device/model; current storage/control unverified.,ok,2,2,0,2,count_matches_stable_stats,endpoint_exhausted,2025-01-16T17:00:16+00:00,2025-09-10T07:04:54+00:00,457067,457067,
bc1qhsuvec03zslh9qvauksh2wc9hy9za7csxem5ea,bitcoin_mainnet,research_sample,Change,https://www.changeinvest.com/blog/change-proof-of-reserves-2025-update,first_party_publication,cold,https://www.changeinvest.com/blog/change-proof-of-reserves-2025-update,unknown,,unknown,,2026-10-05T04:42:49+00:00,Cold-storage snapshot 2025-03-31T23:59:00Z; published 2025-04-21; first three BTC rows selected in source order; report mentions Ledger at storage-system level but no address-specific device/model; current storage/control unverified.,ok,2,2,0,2,count_matches_stable_stats,endpoint_exhausted,2025-03-04T10:47:33+00:00,2025-04-30T15:01:00+00:00,89999708,89999708,
bc1q9rqfux88j6az0wl957u2jdykgw5m5r72hcaclu,bitcoin_mainnet,research_sample,Change,https://www.changeinvest.com/blog/change-proof-of-reserves-2025-update,first_party_publication,cold,https://www.changeinvest.com/blog/change-proof-of-reserves-2025-update,unknown,,unknown,,2026-10-05T04:42:49+00:00,Cold-storage snapshot 2025-03-31T23:59:00Z; published 2025-04-21; first three BTC rows selected in source order; report mentions Ledger at storage-system level but no address-specific device/model; current storage/control unverified.,ok,2,2,0,2,count_matches_stable_stats,endpoint_exhausted,2025-03-10T16:57:32+00:00,2025-05-15T06:15:06+00:00,2999999395,2999999395,
