address,txid,block_height,block_time_utc,address_received_sat,address_spent_sat,address_net_sat,transaction_fee_sat,vsize_vb,fee_rate_sat_vb,input_count,output_count
16SbwNa22nBwhLtg6HzWVYFQiUxtNzAUpt,c95fdcff6374064350fcba6db4020ad04f2070bc46aacbb5e27207d419096089,408879,2016-04-25T17:12:50+00:00,0,6500000,-6500000,100000,3733,26.78810608090008,25,1
16SbwNa22nBwhLtg6HzWVYFQiUxtNzAUpt,bde9ceb52ecd0268165a18e856d24c39ddab4e7885a8da34638ff9cc72d981a5,408875,2016-04-25T16:32:14+00:00,6500000,0,6500000,10000,226,44.24778761061947,1,2
16SbwNa22nBwhLtg6HzWVYFQiUxtNzAUpt,7ba5cda1e2c4161732877da19016f1cebd00dce07f6a2afc153ae86ccd35b0b8,408318,2016-04-21T16:02:58+00:00,0,25890000,-25890000,100000,3732,26.79528403001072,25,1
16SbwNa22nBwhLtg6HzWVYFQiUxtNzAUpt,548cb01923556155e91a88c0338f7662f1c0df4b81334de856c27b3d093aa14f,408316,2016-04-21T15:43:23+00:00,0,5400000,-5400000,100000,3732,26.79528403001072,25,1
16SbwNa22nBwhLtg6HzWVYFQiUxtNzAUpt,99782e0c1abd94a0be08d2ce614d597e685d922f689debd2ad593ad69f81dc14,408316,2016-04-21T15:43:23+00:00,25890000,0,25890000,10000,225,44.44444444444444,1,2
16SbwNa22nBwhLtg6HzWVYFQiUxtNzAUpt,d136265cab888d2f04bacc466656a6ff28959867db562eed491a1f01eeceb156,408315,2016-04-21T15:23:49+00:00,5400000,0,5400000,30000,226,132.7433628318584,1,2
16SbwNa22nBwhLtg6HzWVYFQiUxtNzAUpt,4e7ff3f63c77f3f6feb1d164fdc51450023aef8147deebc6e81af29bf8b4abc2,408312,2016-04-21T15:05:40+00:00,0,52600000,-52600000,100000,3731,26.80246582685607,25,1
16SbwNa22nBwhLtg6HzWVYFQiUxtNzAUpt,eaa894d087e98f6f4b495adb83420f4020ffd8107194d9d6765d312b8b56b03a,408310,2016-04-21T14:51:53+00:00,52600000,0,52600000,10000,225,44.44444444444444,1,2
16SbwNa22nBwhLtg6HzWVYFQiUxtNzAUpt,a49cd670bb2380c535aa3fd5dea6ff59cbe31b65f0c6ae746b44afcf0a99d568,408153,2016-04-20T16:03:12+00:00,0,2285557,-2285557,100000,3732,26.79528403001072,25,1
16SbwNa22nBwhLtg6HzWVYFQiUxtNzAUpt,a7de87eab93dddb84068d7873adba17f0bade099bc63b73166d7410b9fd083b9,408147,2016-04-20T15:16:06+00:00,2285557,0,2285557,10000,373,26.80965147453083,2,2
16SbwNa22nBwhLtg6HzWVYFQiUxtNzAUpt,06b1b1da9018e6aff31d8b34e6c9f0b04ec50f6d40262445027a27d684e99d02,406973,2016-04-12T17:57:49+00:00,0,1881827,-1881827,100000,3727,26.83123155352831,25,1
16SbwNa22nBwhLtg6HzWVYFQiUxtNzAUpt,14e542b749879e8a15da17212c24dafbdb02d3c18c5dc883ac6dbb56bc3a73a9,406969,2016-04-12T17:04:33+00:00,1881827,0,1881827,10000,226,44.24778761061947,1,2
16SbwNa22nBwhLtg6HzWVYFQiUxtNzAUpt,eb400c2966d7f04d48c40bc4d1b9f41662b07dbf3b89493b7435b9601e400b7c,406842,2016-04-11T20:40:58+00:00,0,10542852,-10542852,100000,2846,35.137034434293746,19,1
16SbwNa22nBwhLtg6HzWVYFQiUxtNzAUpt,faf1b7cd7cb4c58da6c6be66ecac20bdc8c86ab0ff44ed4b4d1b949951e543ac,406838,2016-04-11T20:20:25+00:00,10542852,0,10542852,10000,340,29.41176470588235,2,1
16SbwNa22nBwhLtg6HzWVYFQiUxtNzAUpt,6ea04b00f1dd5a574a3ce69499d1c238ea4c4e5cb2c53a541361b4645131bb46,406042,2016-04-06T17:04:17+00:00,0,83345862,-83345862,100000,3732,26.79528403001072,25,1
16SbwNa22nBwhLtg6HzWVYFQiUxtNzAUpt,1b03c40e3d526026fdd5dfc5ea23178533147e7342bd9ca3e78bba5c036a2142,406039,2016-04-06T16:32:35+00:00,83345862,0,83345862,20000,1077,18.570102135561747,7,1
16SbwNa22nBwhLtg6HzWVYFQiUxtNzAUpt,4f6273e3792151fe18ad50ee88d49e53b870138b420ce3cc274fdfd8f42b786e,405887,2016-04-05T17:12:30+00:00,0,9468127,-9468127,100000,3731,26.80246582685607,25,1
16SbwNa22nBwhLtg6HzWVYFQiUxtNzAUpt,21b3fa360bb16736906e55a47ce17b1a5b0b005de72c9d71424edc53cfce5b99,405884,2016-04-05T16:40:25+00:00,0,13507109,-13507109,100000,3732,26.79528403001072,25,1
16SbwNa22nBwhLtg6HzWVYFQiUxtNzAUpt,41c7af07c898becffe682b0d352c22f37e88d7d4313885d81f2484b6dce13687,405884,2016-04-05T16:40:25+00:00,9468127,0,9468127,10000,373,26.80965147453083,2,2
16SbwNa22nBwhLtg6HzWVYFQiUxtNzAUpt,29962e3daceb232932bc503e707e3789282b2c0cca1c94b0e6090eb3283583bc,405882,2016-04-05T16:27:45+00:00,13507109,0,13507109,10000,374,26.737967914438503,2,2
16SbwNa22nBwhLtg6HzWVYFQiUxtNzAUpt,b680e9971d08c03333cf711a763cec16c1caf24fe3be4da28633ed2cdf3982ba,405742,2016-04-04T17:22:40+00:00,0,7500000,-7500000,100000,3730,26.80965147453083,25,1
16SbwNa22nBwhLtg6HzWVYFQiUxtNzAUpt,03f2718d6e7893c50e1f3b6ebd51a8d49185c04cd31048b433f82f6961f895af,405742,2016-04-04T17:22:40+00:00,0,17895,-17895,100000,3736,26.76659528907923,25,1
16SbwNa22nBwhLtg6HzWVYFQiUxtNzAUpt,1777f9f43ea4ace3376b2934ec72dc2438adfba3a9e7a09bbbc5510f6d2f1953,405740,2016-04-04T16:55:12+00:00,17895,0,17895,10000,225,44.44444444444444,1,2
16SbwNa22nBwhLtg6HzWVYFQiUxtNzAUpt,dee8fd68ef6f7d75cdfbf126c7eef5a63a81a20d8196d3be3e962e0b89940e25,405740,2016-04-04T16:55:12+00:00,7500000,0,7500000,10000,225,44.44444444444444,1,2
16SbwNa22nBwhLtg6HzWVYFQiUxtNzAUpt,5b371546a45075f7bb63106ff5d1dde60094ff3952af1c8a146da973de28b7de,405586,2016-04-03T18:55:34+00:00,0,1231967550,-1231967550,100000,3734,26.78093197643278,25,1
1Kr6QSydW9bFQG1mXiPNNu6WpJGmUa9i1g,d8bdd2ac12da204fe0fd8c9582a81a0a8db643aada31bf4aeca374763226ccd7,969954,2026-10-05T04:29:31+00:00,92593021,0,92593021,688,314,2.1910828025477707,2,2
1Kr6QSydW9bFQG1mXiPNNu6WpJGmUa9i1g,c046c38cbe7dd79bf9016b1cbcf5cd3b6562acabbb8c73f98dbd9315543e7ed5,969950,2026-10-05T03:55:27+00:00,82646024,0,82646024,1976,348,5.67816091954023,3,2
1Kr6QSydW9bFQG1mXiPNNu6WpJGmUa9i1g,183e0c959392d1e3c9bdea9bb487ff9ebf7014daf539a38df5e1031437050ae3,969949,2026-10-05T03:50:13+00:00,19207392802,19787788178,-580395376,1376,372,3.6989247311827955,2,2
1Kr6QSydW9bFQG1mXiPNNu6WpJGmUa9i1g,39515a144c2b8c9e8fc7eb645ef4f9096b80bf7ef190d3b0b77f21b07f80c215,969947,2026-10-05T03:14:38+00:00,19768350136,19819344824,-50994688,688,369,1.8644986449864498,2,2
1Kr6QSydW9bFQG1mXiPNNu6WpJGmUa9i1g,b364fd656b7bac8e255dc809a181189d445d2119d80be78eb4a7c4ebd2607603,969947,2026-10-05T03:14:38+00:00,19438042,0,19438042,988,360,2.7444444444444445,3,2
1Kr6QSydW9bFQG1mXiPNNu6WpJGmUa9i1g,9d5fb0ba161daf33cb114f510d62c8c22dca8a745fb365e8fb7716b64cc59b65,969941,2026-10-05T02:19:56+00:00,19811735631,19856452479,-44716848,688,315,2.184126984126984,2,2
1Kr6QSydW9bFQG1mXiPNNu6WpJGmUa9i1g,2c902aadb056242a9bfd6e099c9007929bca48afad1909df1bfaa925fa85c8f4,969938,2026-10-05T02:03:40+00:00,7609193,0,7609193,388,225,1.7244444444444444,1,2
1Kr6QSydW9bFQG1mXiPNNu6WpJGmUa9i1g,997a8e9552cf127fa4495d863ff7fccdbdb4d5d08a4a5521103587e89270eecf,969937,2026-10-05T01:48:59+00:00,19856452479,20086947168,-230494689,689,372,1.8521505376344085,2,2
1Kr6QSydW9bFQG1mXiPNNu6WpJGmUa9i1g,fc93a6018ef11d544ab05d0cad7116b4ca87771d928b366fb2cb69df1bf63d8c,969933,2026-10-05T01:11:37+00:00,103861550,203829580,-99968030,688,314,2.1910828025477707,2,2
1Kr6QSydW9bFQG1mXiPNNu6WpJGmUa9i1g,ebcd4f6873f597cdcb3073af1a0fdb11e1cd92a45248e7475b9477df1b0a07fd,969931,2026-10-05T01:07:49+00:00,19983085618,20069203594,-86117976,688,369,1.8644986449864498,2,2
1Kr6QSydW9bFQG1mXiPNNu6WpJGmUa9i1g,a648f1393f3eba600fb9db18d362e2f92be89f1101a674a697e3c3311bee2a61,969925,2026-10-05T00:31:08+00:00,203829580,204421990,-592410,388,222,1.7477477477477477,1,2
1Kr6QSydW9bFQG1mXiPNNu6WpJGmUa9i1g,8a997fcbbce4303777a70156646b6c45db4c7cfe170b36326f4eb0f0a544e154,969923,2026-10-04T23:51:43+00:00,20069203594,21238600282,-1169396688,688,317,2.170347003154574,2,2
1Kr6QSydW9bFQG1mXiPNNu6WpJGmUa9i1g,3d7ad969b001336e07b928b8b1e1bcc1a0055914edbeab252f6e70499d449632,969917,2026-10-04T23:23:10+00:00,21238600282,22594764233,-1356163951,988,408,2.4215686274509802,3,2
1Kr6QSydW9bFQG1mXiPNNu6WpJGmUa9i1g,64a865cd7b1e50b78092b2c04ab29d24d4be1ee2d05a2602f2a4ffaa9fb9d653,969916,2026-10-04T23:06:48+00:00,204421990,18597612,185824378,988,408,2.4215686274509802,3,2
1Kr6QSydW9bFQG1mXiPNNu6WpJGmUa9i1g,c3f12d8aca1cfe226d3dd31d92c899974c8e99f8ae777e9ed91dc7e4cddeaeab,969912,2026-10-04T22:35:00+00:00,18597612,0,18597612,388,167,2.3233532934131738,1,2
1Kr6QSydW9bFQG1mXiPNNu6WpJGmUa9i1g,48493268ef64a5f895873b897fc0bb56baa892f01362f43640aa760ad423bc19,969911,2026-10-04T22:06:41+00:00,22594764233,22674160922,-79396689,689,317,2.173501577287066,2,2
1Kr6QSydW9bFQG1mXiPNNu6WpJGmUa9i1g,6c180a67b074e390c4df78bce77c136907a9fb0060fa696d635d0fc092f591d3,969901,2026-10-04T21:04:24+00:00,22674160922,26787122070,-4112961148,1057,498,2.1224899598393576,3,3
1Kr6QSydW9bFQG1mXiPNNu6WpJGmUa9i1g,d25b717aaba76a0de3f83b50c873bcfb5a045958983f80fc3c94047d6564e290,969899,2026-10-04T20:59:09+00:00,26787122070,26984566770,-197444700,1289,555,2.3225225225225223,4,2
1Kr6QSydW9bFQG1mXiPNNu6WpJGmUa9i1g,34b05d9135f07275136e904a775987434cd45c70e4ad1a604443bd81ce322d5e,969895,2026-10-04T20:13:24+00:00,26984566770,27466861458,-482294688,688,372,1.8494623655913978,2,2
1Kr6QSydW9bFQG1mXiPNNu6WpJGmUa9i1g,b27101a465b9d1e1058c26e7837038905962501a166bb410ae456b802e80b8a5,969893,2026-10-04T19:52:19+00:00,225104184,458998960,-233894776,776,225,3.448888888888889,1,2
1Kr6QSydW9bFQG1mXiPNNu6WpJGmUa9i1g,8c61c07f82bcf5488d1d4e38fee46cdc6d26c43dacacfc08465bf82981be50ba,969892,2026-10-04T19:42:24+00:00,27241757274,27385181128,-143423854,1376,314,4.382165605095541,2,2
1Kr6QSydW9bFQG1mXiPNNu6WpJGmUa9i1g,f3d939874f10bb2733b93ac041135b8485a26e73c57683737624e71eb6bc8132,969889,2026-10-04T19:32:36+00:00,27385181128,27465182848,-80001720,1720,369,4.661246612466124,2,2
1Kr6QSydW9bFQG1mXiPNNu6WpJGmUa9i1g,4255d92438b0a93d9742970f501e6db84d78852eae570cf31c93b835040135d4,969888,2026-10-04T19:06:30+00:00,606350,120602070,-119995720,1720,369,4.661246612466124,2,2
1Kr6QSydW9bFQG1mXiPNNu6WpJGmUa9i1g,310a5934c64053058d0b5be186fd69c4e17437c443c58f07fb9f63f7eb72c12a,969888,2026-10-04T19:06:30+00:00,458998960,797793930,-338794970,970,225,4.311111111111111,1,2
1Kr6QSydW9bFQG1mXiPNNu6WpJGmUa9i1g,5df3d0b529c02e44585bf2150909e1622cfa3f1085fd52ab0adf7274b636968a,969887,2026-10-04T18:45:36+00:00,95201005,185652725,-90451720,1720,317,5.425867507886435,2,2
3JZq4atUahhuA9rLhXLMhhTo133J9rF97j,9b3b747c9c08e0b24a9c08f545a4f73b8d5da62c6dbf074dbbd0b95aa2d8470e,969437,2026-10-01T09:47:25+00:00,25675250000,0,25675250000,688,258,2.6666666666666665,2,2
3JZq4atUahhuA9rLhXLMhhTo133J9rF97j,dc290def2d8793ec7f5fd7663da37cfddc2564759aeb47ca03b4a62e709d43d4,969163,2026-09-29T14:18:34+00:00,122381049000,0,122381049000,1588,700,2.2685714285714287,5,2
3JZq4atUahhuA9rLhXLMhhTo133J9rF97j,4212c89cc2e087c6ea47d4daf1a26c14c3673f6351439fea4932585a1cb8cea5,969006,2026-09-28T14:18:20+00:00,141661213000,0,141661213000,1976,406,4.8669950738916254,3,2
3JZq4atUahhuA9rLhXLMhhTo133J9rF97j,5927ac4be3d79b320ecaa5fc914e3596b4226ab525e9521988c9ec8c149963e9,968547,2026-09-25T12:42:28+00:00,50215730000,0,50215730000,1720,370,4.648648648648648,2,2
3JZq4atUahhuA9rLhXLMhhTo133J9rF97j,20686c9ab7980c2d3ca973229a8009360bbf96e986a687cf27fcf9e667252b46,968023,2026-09-21T17:26:03+00:00,24225493000,0,24225493000,2064,315,6.552380952380952,2,2
3JZq4atUahhuA9rLhXLMhhTo133J9rF97j,10c3996c02174269d7f85ce2f0e5fe57eb4866938efe0927e31d84e953aa6d78,967999,2026-09-21T13:48:12+00:00,17146402000,0,17146402000,1376,315,4.368253968253968,2,2
3JZq4atUahhuA9rLhXLMhhTo133J9rF97j,51e3535336bb74485a0f41b59947994706a2e4624dbe7f04df23c94bcdf63de0,967972,2026-09-21T09:47:52+00:00,91693839000,0,91693839000,3220,496,6.491935483870968,4,2
3JZq4atUahhuA9rLhXLMhhTo133J9rF97j,ae05d8b3b24a37b8129926210f9020e998aca01178bcaabf1a6b18dc4ad8438c,967956,2026-09-21T06:20:22+00:00,15091088000,0,15091088000,988,406,2.4334975369458127,3,2
3JZq4atUahhuA9rLhXLMhhTo133J9rF97j,a9086f02907102d1844da84597962020225991b805793b5c17ab4ea48e0c5a01,967915,2026-09-21T00:22:33+00:00,10313122000,0,10313122000,1376,315,4.368253968253968,2,2
3JZq4atUahhuA9rLhXLMhhTo133J9rF97j,8966c9709b6c856585afe587bace5057736955b0b8c7a0edbb286197094cd88d,967606,2026-09-18T20:25:17+00:00,68053918000,0,68053918000,2576,553,4.658227848101266,4,2
3JZq4atUahhuA9rLhXLMhhTo133J9rF97j,41cc4c0d37563e80fad94190dbccf2909f82f55c3f433712b76859747b385357,967566,2026-09-18T15:01:44+00:00,24276973000,0,24276973000,970,223,4.349775784753363,1,2
3JZq4atUahhuA9rLhXLMhhTo133J9rF97j,dfb93a4e8f679f32fe72672152ad8f71ebd71627b451f867625cea9c0095a056,967566,2026-09-18T15:01:44+00:00,30746591000,0,30746591000,1376,315,4.368253968253968,2,2
3JZq4atUahhuA9rLhXLMhhTo133J9rF97j,18c7df42712c92f43161857174a1f17ff682d17eca44099e413d2676eaebf6e0,967511,2026-09-18T05:27:59+00:00,10557082000,0,10557082000,388,223,1.7399103139013452,1,2
3JZq4atUahhuA9rLhXLMhhTo133J9rF97j,de1a959d9b175b62de485a15517240c0c513b07719db0a63178c361494424276,967493,2026-09-18T03:31:17+00:00,10829785000,0,10829785000,3176,587,5.410562180579216,5,2
3JZq4atUahhuA9rLhXLMhhTo133J9rF97j,898dba3ac7a6c505c5a92a2050b3a3e9c94b134fc72bf3854307ed2c5dd6669e,967464,2026-09-17T20:22:20+00:00,32832632000,0,32832632000,1288,609,2.1149425287356323,4,2
3JZq4atUahhuA9rLhXLMhhTo133J9rF97j,a209f131cf2cb7dce176b76b6eedea9d412f7b088e2a3aca7967b586893882ab,967390,2026-09-17T09:28:06+00:00,10348916000,0,10348916000,1720,315,5.4603174603174605,2,2
3JZq4atUahhuA9rLhXLMhhTo133J9rF97j,a1625f9ab5e7b6ad098313675cf2b05e30c8c706f6b050f29118f91266f887f9,967266,2026-09-16T10:10:22+00:00,18871098000,0,18871098000,2576,553,4.658227848101266,4,2
3JZq4atUahhuA9rLhXLMhhTo133J9rF97j,a623a72e7e8220cde92325c129e7521e615b267067c726acebfd20fb403239ef,966703,2026-09-12T18:16:45+00:00,12590150000,0,12590150000,388,223,1.7399103139013452,1,2
3JZq4atUahhuA9rLhXLMhhTo133J9rF97j,a1de938b4b6d812519bc3bdfbe9c95670852830ce131976e402d24ce563e6072,966695,2026-09-12T16:33:30+00:00,10081963000,0,10081963000,1376,370,3.718918918918919,2,2
3JZq4atUahhuA9rLhXLMhhTo133J9rF97j,4eb0bd1b59c663ffdde40fe383d2b773144a230eee250233e1aac2556e28f4cb,963425,2026-08-21T10:32:24+00:00,10205058000,0,10205058000,2409,370,6.510810810810811,2,2
3JZq4atUahhuA9rLhXLMhhTo133J9rF97j,f062540c50c6a3d4f171dc91ba02b812f4ef5ca3f658ab53e203f4ecde8f27ce,963410,2026-08-21T08:59:33+00:00,10100457000,0,10100457000,3952,406,9.733990147783251,3,2
3JZq4atUahhuA9rLhXLMhhTo133J9rF97j,aeb8f90595d252781c78a27748064383af2fa9e4321a43eba6f0335f6dc3ad50,963405,2026-08-21T07:55:24+00:00,71651711000,0,71651711000,1976,349,5.66189111747851,3,2
3JZq4atUahhuA9rLhXLMhhTo133J9rF97j,11169e5c61af653b32354745efadf225d650e5cbd4eb0723d32b75021d099299,963404,2026-08-21T06:53:42+00:00,74000486000,0,74000486000,3865,553,6.989150090415913,4,2
3JZq4atUahhuA9rLhXLMhhTo133J9rF97j,406eaaad8756ff80d5fda77986eabea0f52e66e0d549118215f857a9c31ebfee,961655,2026-08-09T01:20:03+00:00,547,0,547,270608,209342,1.2926598580313553,7,6501
3JZq4atUahhuA9rLhXLMhhTo133J9rF97j,f2d0b9336d86b0bd67c37d986aeb29a295a1e14260ed396cc25397d9ff3b8db7,961410,2026-08-07T09:39:22+00:00,55180525000,0,55180525000,3970,757,5.244385733157199,5,2
bc1qgdjqv0av3q56jvd82tkdjpy7gdp9ut8tlqmgrpmv24sq90ecnvqqjwvw97,ad3501200064d4ae96b13c77c668777f88fc40baad065c49a0b5cca3981674bb,964492,2026-08-28T23:13:55+00:00,330,0,330,1125,2162,0.5203515263644773,21,21
bc1qgdjqv0av3q56jvd82tkdjpy7gdp9ut8tlqmgrpmv24sq90ecnvqqjwvw97,406eaaad8756ff80d5fda77986eabea0f52e66e0d549118215f857a9c31ebfee,961655,2026-08-09T01:20:03+00:00,300,0,300,270608,209342,1.2926598580313553,7,6501
bc1qgdjqv0av3q56jvd82tkdjpy7gdp9ut8tlqmgrpmv24sq90ecnvqqjwvw97,be35fdf620f3d10825e0568b0c987fbb7646809dd6185cd80e380f5b876466d7,961300,2026-08-06T13:52:15+00:00,546,0,546,212,212,1.0,2,2
bc1qgdjqv0av3q56jvd82tkdjpy7gdp9ut8tlqmgrpmv24sq90ecnvqqjwvw97,b9ba08d0d203eddb10609ffda18fc5fa247277dd6bb68908a66b9ac9d03fc9f0,961228,2026-08-06T01:14:15+00:00,546,0,546,221,221,1.0,2,2
bc1qgdjqv0av3q56jvd82tkdjpy7gdp9ut8tlqmgrpmv24sq90ecnvqqjwvw97,08dd18aa10a0479f8ea03e313211acb4ceb7d4051971631acdf20c7cbdf22e18,960122,2026-07-29T15:26:24+00:00,546,0,546,212,212,1.0,2,2
bc1qgdjqv0av3q56jvd82tkdjpy7gdp9ut8tlqmgrpmv24sq90ecnvqqjwvw97,2cbae6fcddefe5811fb75bd1f3d40f65c6cad1ce634dc39b7f764743c19941c0,956519,2026-07-03T16:23:15+00:00,546,0,546,242,242,1.0,2,3
bc1qgdjqv0av3q56jvd82tkdjpy7gdp9ut8tlqmgrpmv24sq90ecnvqqjwvw97,9f5d8b6414dab624bc5ef15a81bfd0708a9f0630ecbf533e0132630b8f2a0db3,949548,2026-05-15T18:59:57+00:00,1628,0,1628,955,158,6.044303797468355,1,1
bc1qgdjqv0av3q56jvd82tkdjpy7gdp9ut8tlqmgrpmv24sq90ecnvqqjwvw97,4a04834814aafc8e6b11df6a438e1c16891a68d000723eceaf5c24d994d564a6,941296,2026-03-19T12:39:39+00:00,546,0,546,348,317,1.0977917981072556,3,2
bc1qgdjqv0av3q56jvd82tkdjpy7gdp9ut8tlqmgrpmv24sq90ecnvqqjwvw97,ca27df8e60b0a7c33bd678381b37691e06ce73838e400cd4e121a376021fb1e7,941016,2026-03-17T14:32:23+00:00,1563,0,1563,306,153,2.0,1,2
bc1qgdjqv0av3q56jvd82tkdjpy7gdp9ut8tlqmgrpmv24sq90ecnvqqjwvw97,1c5c8c5abeda957d63acdd7e26a6cce4b0789ad39209c5c5bd15cd4607009042,940038,2026-03-09T22:06:32+00:00,11500,0,11500,6460,646,10.0,1,17
bc1qgdjqv0av3q56jvd82tkdjpy7gdp9ut8tlqmgrpmv24sq90ecnvqqjwvw97,5a982f5fc36c776321f137f1e3347ea4fa3be86500619d8771394720d7337924,939254,2026-03-04T11:29:42+00:00,546,0,546,212,212,1.0,2,2
bc1qgdjqv0av3q56jvd82tkdjpy7gdp9ut8tlqmgrpmv24sq90ecnvqqjwvw97,4995dac562ff6272683c77faa32e7dc2717c3259b9a567ac77912dd7b2a424b5,939232,2026-03-04T06:48:04+00:00,546,0,546,212,212,1.0,2,2
bc1qgdjqv0av3q56jvd82tkdjpy7gdp9ut8tlqmgrpmv24sq90ecnvqqjwvw97,af1bd1f6ca40ba210f544f1da9b34f4ca42c2e8e34d2ff3ad706b01b3ed718cd,939081,2026-03-03T04:36:32+00:00,1847,0,1847,306,153,2.0,1,2
bc1qgdjqv0av3q56jvd82tkdjpy7gdp9ut8tlqmgrpmv24sq90ecnvqqjwvw97,18b021c4089975adf117cb7e197a59a4bd4cf6b81ed863828a5f56d0a5c5a355,939077,2026-03-03T02:54:04+00:00,546,0,546,306,153,2.0,1,2
bc1qgdjqv0av3q56jvd82tkdjpy7gdp9ut8tlqmgrpmv24sq90ecnvqqjwvw97,45f481f835d03057cc3734d99d51bf6f9dd41bf8a2c5c0a4b58042f40fe9f484,937567,2026-02-20T18:19:37+00:00,546,0,546,212,212,1.0,2,2
bc1qgdjqv0av3q56jvd82tkdjpy7gdp9ut8tlqmgrpmv24sq90ecnvqqjwvw97,55783f2c0bfff76733e95e52d2b1340706b3993be7d631859554b1bdbc6fd9e8,935024,2026-02-04T18:18:13+00:00,6660,0,6660,153,153,1.0,1,2
bc1qgdjqv0av3q56jvd82tkdjpy7gdp9ut8tlqmgrpmv24sq90ecnvqqjwvw97,f03c424c7196ddc1b17762aed0bfa5a68911be73e7796a35e17350ce22b4c27d,934838,2026-02-03T10:57:11+00:00,546,0,546,372,341,1.0909090909090908,3,2
bc1qgdjqv0av3q56jvd82tkdjpy7gdp9ut8tlqmgrpmv24sq90ecnvqqjwvw97,5b8ad416dacf908efbc163e528e2c8a97b4f40a5e6a1e92ba31d237b563e43b5,934729,2026-02-02T13:46:58+00:00,546,0,546,374,343,1.0903790087463556,3,2
bc1qgdjqv0av3q56jvd82tkdjpy7gdp9ut8tlqmgrpmv24sq90ecnvqqjwvw97,bae84c330d10af1a50f9374d0f0ab7b5524b629837572162216dc75450f0fcdb,933634,2026-01-24T12:09:13+00:00,2000,0,2000,153,153,1.0,1,2
bc1qgdjqv0av3q56jvd82tkdjpy7gdp9ut8tlqmgrpmv24sq90ecnvqqjwvw97,71c3822eb4c79e35497fa2a2c83fd7fcd7dddf8e399f571d345c647612e33542,932796,2026-01-18T12:21:21+00:00,546,0,546,662,169,3.9171597633136095,2,1
bc1qgdjqv0av3q56jvd82tkdjpy7gdp9ut8tlqmgrpmv24sq90ecnvqqjwvw97,a41c8b12525f02bd156658337c35b058b2876e4ec674b82a8d1b1d1878cbfc30,931064,2026-01-05T22:53:23+00:00,546,0,546,349,318,1.0974842767295598,3,2
bc1qgdjqv0av3q56jvd82tkdjpy7gdp9ut8tlqmgrpmv24sq90ecnvqqjwvw97,6b088099b399d38ebec1f2752c151e81644cc66e030cd5e5ef684c44988fc495,931061,2026-01-05T22:42:39+00:00,546,0,546,25,151,0.16556291390728478,1,1
bc1qgdjqv0av3q56jvd82tkdjpy7gdp9ut8tlqmgrpmv24sq90ecnvqqjwvw97,964f125f02f7fc4fae71064cf786a7c93cd4a8d6c3569150e96f5596b31622e0,930794,2026-01-04T00:33:42+00:00,546,0,546,221,220,1.0045454545454546,2,2
bc1qgdjqv0av3q56jvd82tkdjpy7gdp9ut8tlqmgrpmv24sq90ecnvqqjwvw97,df9661d1dce3d0e22ce7d0fcf2153740c2327d153c2bd314dbf5ae50a781f6af,929052,2025-12-23T00:55:52+00:00,546,0,546,34,151,0.2251655629139073,1,1
bc1qgdjqv0av3q56jvd82tkdjpy7gdp9ut8tlqmgrpmv24sq90ecnvqqjwvw97,4d06a9a52f8ac243f2954a9dee921ad8f3fa569c92260c092813274433ebc308,928764,2025-12-20T22:52:30+00:00,546,0,546,69,153,0.45098039215686275,1,1
34xp4vRoCGJym3xR7yCVPFHoCNxv4Twseo,9e4f03529d9da12cf0dc619fb4ffd4c1850b813a33e0fed7074188eb33688b16,967743,2026-09-19T20:31:44+00:00,8236,0,8236,322,142,2.267605633802817,1,2
34xp4vRoCGJym3xR7yCVPFHoCNxv4Twseo,8d58b25395665a4cda3619abef5e4067a751606cb803da92133a68e30d659dfe,967732,2026-09-19T19:13:42+00:00,5549,0,5549,2820,470,6.0,1,12
34xp4vRoCGJym3xR7yCVPFHoCNxv4Twseo,439e6842f53393dd95e520b4b9375c3d1fe846fcff5e774fbb105b305700c6b9,966994,2026-09-14T16:50:24+00:00,546,0,546,210,210,1.0,2,2
34xp4vRoCGJym3xR7yCVPFHoCNxv4Twseo,3eb2c7a8eba726e442bea738a008d9f8ba4576d4946f18040a143193eeff6824,965394,2026-09-03T23:35:59+00:00,12313,0,12313,5403,5403,1.0,1,165
34xp4vRoCGJym3xR7yCVPFHoCNxv4Twseo,646cb75f9e913398bcaa29f957b532970bf4423b1887729363a0dc6297428d0f,965240,2026-09-03T01:24:57+00:00,9847,0,9847,2440,488,5.0,1,13
34xp4vRoCGJym3xR7yCVPFHoCNxv4Twseo,18d4725b629a4ce31ec8fdd87d6cda98a56a9f9a67c6a368c11c6c09b45b24a1,965137,2026-09-02T07:35:23+00:00,700,0,700,448,256,1.75,1,2
34xp4vRoCGJym3xR7yCVPFHoCNxv4Twseo,51f463cfce06d40e20d04d08e8a1886d8ab0c7b12f2b9a45b2c48e726891df69,964580,2026-08-29T14:09:48+00:00,3148,0,3148,41,111,0.36936936936936937,1,1
34xp4vRoCGJym3xR7yCVPFHoCNxv4Twseo,607c91dd49677476f1fc45cc29e90405b6136782b3e8443265d001cb799f394c,964318,2026-08-27T15:57:29+00:00,546,0,546,210,210,1.0,2,2
34xp4vRoCGJym3xR7yCVPFHoCNxv4Twseo,aa31cb982f277bd026bb3bfaa080b6c03fc9744cfc39bfccde2b160413b36dcd,963642,2026-08-22T23:18:05+00:00,546,0,546,210,210,1.0,2,2
34xp4vRoCGJym3xR7yCVPFHoCNxv4Twseo,d51f921e481085f940b50ae6fe5f26578bca62c1b9fc6e461e6d0ee69f51ad52,963640,2026-08-22T23:12:46+00:00,546,0,546,749,337,2.222551928783383,3,3
34xp4vRoCGJym3xR7yCVPFHoCNxv4Twseo,a8b80834db2e2b208bdce2d6290ad610931f3b6ee4f91c127fadba044a873222,963619,2026-08-22T18:22:51+00:00,546,0,546,378,337,1.1216617210682494,3,3
34xp4vRoCGJym3xR7yCVPFHoCNxv4Twseo,b8a5f20caf505ba95c34526ebacf1485a27b263d502916d0eff017f6e3af4054,962464,2026-08-14T18:16:24+00:00,546,0,546,454,140,3.242857142857143,1,1
34xp4vRoCGJym3xR7yCVPFHoCNxv4Twseo,9e0606bc719ec1a3b6cdf707ab5621fb0aac0132851329ec94b15554ab5cc18c,962152,2026-08-12T14:15:40+00:00,21976,0,21976,2985,597,5.0,1,16
34xp4vRoCGJym3xR7yCVPFHoCNxv4Twseo,3a172a66f02fcd4fd3776cb9c3311c5de6d5a178107601bb7186a1481d8b17e9,961781,2026-08-09T22:13:40+00:00,10000,0,10000,2795,887,3.1510710259301016,1,24
34xp4vRoCGJym3xR7yCVPFHoCNxv4Twseo,406eaaad8756ff80d5fda77986eabea0f52e66e0d549118215f857a9c31ebfee,961655,2026-08-09T01:20:03+00:00,547,0,547,270608,209342,1.2926598580313553,7,6501
34xp4vRoCGJym3xR7yCVPFHoCNxv4Twseo,99f8f82e38b9b16fb7dd024849383b9629b5db77f011e18e6c121646c83102bf,961644,2026-08-08T22:54:37+00:00,1779,0,1779,1463,201,7.278606965174129,2,2
34xp4vRoCGJym3xR7yCVPFHoCNxv4Twseo,68ac833bcb5203813f9a1501f6daf95c746027e8f3eb4234283d567193d287d2,961300,2026-08-06T13:52:15+00:00,546,0,546,201,201,1.0,2,2
34xp4vRoCGJym3xR7yCVPFHoCNxv4Twseo,2de04b27fd29da85d58647ac124ce48278f3a6b89d7b08cf18010600d7dd99ab,961228,2026-08-06T01:14:15+00:00,546,0,546,210,210,1.0,2,2
34xp4vRoCGJym3xR7yCVPFHoCNxv4Twseo,df8c11ace0b4a8a313cc6f6fbe66e1b5c0ae962ed5c33cf3e2ac5b4792255a91,961209,2026-08-05T21:39:18+00:00,1500,0,1500,200,190,1.0526315789473684,1,2
34xp4vRoCGJym3xR7yCVPFHoCNxv4Twseo,1c5d28e657db65ffdbfb5bfa2618be56b21656f24158427e314fa2183e0f36dc,960944,2026-08-04T01:16:33+00:00,116348,0,116348,564,142,3.971830985915493,1,2
34xp4vRoCGJym3xR7yCVPFHoCNxv4Twseo,48b275ec1023b88f8e1dfcee0e98ac876f2c1fd16437c31c2b32e4b94797df1d,960350,2026-07-31T05:24:39+00:00,1934,0,1934,112,223,0.5022421524663677,1,2
34xp4vRoCGJym3xR7yCVPFHoCNxv4Twseo,56f688bcfa4837b0329a4c532bac991cb97db05b1b8559584b5b0412b75cba65,960119,2026-07-29T14:58:20+00:00,546,0,546,402,201,2.0,2,2
34xp4vRoCGJym3xR7yCVPFHoCNxv4Twseo,2144403e430e31ca895276295f3109b8d0e2b3795df383c46b24d0973d44b1b9,959073,2026-07-21T23:25:37+00:00,6082,0,6082,664,166,4.0,1,2
34xp4vRoCGJym3xR7yCVPFHoCNxv4Twseo,cca19c2de25a727aa2669fdd4ac9ec522eceecf2d296c91eaa375107b7af7151,957247,2026-07-09T02:18:47+00:00,1000,0,1000,510,425,1.2,1,11
34xp4vRoCGJym3xR7yCVPFHoCNxv4Twseo,884da1156667987a9ae3313e713b946ff58e939ef208f6db545c98b805d5a1d8,956513,2026-07-03T15:17:51+00:00,546,0,546,438,438,1.0,5,4
3LYJfcfHPXYJreMsASk2jkn69LWEYKzexb,ad3501200064d4ae96b13c77c668777f88fc40baad065c49a0b5cca3981674bb,964492,2026-08-28T23:13:55+00:00,540,0,540,1125,2162,0.5203515263644773,21,21
3LYJfcfHPXYJreMsASk2jkn69LWEYKzexb,406eaaad8756ff80d5fda77986eabea0f52e66e0d549118215f857a9c31ebfee,961655,2026-08-09T01:20:03+00:00,547,0,547,270608,209342,1.2926598580313553,7,6501
3LYJfcfHPXYJreMsASk2jkn69LWEYKzexb,d30fd73def2a641a995471bffcaee2077661bf3f412618a5e4d1606e59990dd3,952550,2026-06-06T00:40:35+00:00,546,0,546,210,210,1.0,2,2
3LYJfcfHPXYJreMsASk2jkn69LWEYKzexb,8262a9b6dacbe5c1cbdb36d4ecf59730f2164910c4d2050de95ef12fa3784081,950592,2026-05-23T00:41:42+00:00,546,0,546,210,210,1.0,2,2
3LYJfcfHPXYJreMsASk2jkn69LWEYKzexb,fb5b31bc21f57e1c27b6c7263513277b97c75d5e02b3815c933f31be2d6eeabf,950389,2026-05-21T16:22:44+00:00,546,0,546,210,210,1.0,2,2
3LYJfcfHPXYJreMsASk2jkn69LWEYKzexb,e4d7b3ab77c115ad34179f6f5e39dd89bafa8d51234b506b37e6623e5e4384ce,950047,2026-05-19T07:18:19+00:00,546,0,546,250,247,1.0121457489878543,1,4
3LYJfcfHPXYJreMsASk2jkn69LWEYKzexb,8b361d1cc9dcd5f71deb6d37a7c88c8ee6de16a64f8151241908ffc710c159f9,949556,2026-05-15T20:14:39+00:00,1467,0,1467,190,190,1.0,1,2
3LYJfcfHPXYJreMsASk2jkn69LWEYKzexb,009b145ae6922dffe8f84b581742e7663b14adeb8cf9d697bcd7789362442e39,949431,2026-05-14T23:30:21+00:00,546,0,546,201,201,1.0,2,2
3LYJfcfHPXYJreMsASk2jkn69LWEYKzexb,ee2f65c5783a9f35a3f658ad3aece8942f3f460a7d5aa4bce9ea564ebd246349,949275,2026-05-13T22:56:47+00:00,546,0,546,201,201,1.0,2,2
3LYJfcfHPXYJreMsASk2jkn69LWEYKzexb,ded2c3164bebbbb64033eddf47d607474ea6f378e83ad3abf00ff0db3346ee53,948781,2026-05-10T14:07:09+00:00,546,0,546,201,201,1.0,2,2
3LYJfcfHPXYJreMsASk2jkn69LWEYKzexb,63867a6da1ed015014284961bafcc102e3875b6e4a100d4a86a457164cdee042,948516,2026-05-08T22:27:21+00:00,546,0,546,201,201,1.0,2,2
3LYJfcfHPXYJreMsASk2jkn69LWEYKzexb,f89b0f6df27d0d899b1ffad1e030f1690d1c5307da99a5804cbc92041103d709,948461,2026-05-08T13:17:27+00:00,546,0,546,210,210,1.0,2,2
3LYJfcfHPXYJreMsASk2jkn69LWEYKzexb,fa69b8c07fc63b5618075c6650ee6a0afe982c0c7649432dfa9fde425c6cd784,948234,2026-05-06T23:32:58+00:00,546,0,546,210,210,1.0,2,2
3LYJfcfHPXYJreMsASk2jkn69LWEYKzexb,e543568fad2f0c9258a51b19f41eb575f02b4190a1febfc963e044603262bb6e,948201,2026-05-06T18:39:43+00:00,546,0,546,210,210,1.0,2,2
3LYJfcfHPXYJreMsASk2jkn69LWEYKzexb,3dd31521aff51fd9c93e2ad34f591a1cb04c008d3eccc99244acda658476fe2c,947457,2026-05-01T17:24:17+00:00,546,0,546,210,210,1.0,2,2
3LYJfcfHPXYJreMsASk2jkn69LWEYKzexb,8be16d2229df40692ec3270bd39c00193d5bf877363fe45fe9579660afc70b72,947208,2026-04-29T23:45:18+00:00,546,0,546,402,201,2.0,2,2
3LYJfcfHPXYJreMsASk2jkn69LWEYKzexb,69c295e86fec2ff98f215d4da7b9315df5bf24c8e7f53e9adfd972c7eaabbb29,947093,2026-04-29T02:09:52+00:00,546,0,546,201,201,1.0,2,2
3LYJfcfHPXYJreMsASk2jkn69LWEYKzexb,97ca637b219a5b3a5f75d904a51955dea20c6b52c8fb899c4a327de1c66dde4d,941963,2026-03-24T05:53:59+00:00,546,0,546,201,201,1.0,2,2
3LYJfcfHPXYJreMsASk2jkn69LWEYKzexb,7e0ac4503fd060ea1124f12451734087fc57e8da7a73c806deaa18b6fe80f838,939776,2026-03-08T00:51:15+00:00,546,0,546,131,201,0.6517412935323383,2,2
3LYJfcfHPXYJreMsASk2jkn69LWEYKzexb,2818e2330372cda6b8d931b334a2c2968e3af95752fea3cf53d412343682c3de,939588,2026-03-06T13:12:45+00:00,546,0,546,41,201,0.20398009950248755,2,2
3LYJfcfHPXYJreMsASk2jkn69LWEYKzexb,ed199ca809607c891e9a91557b0398e043e2c5c63670d5842bc64d748a720f5e,939079,2026-03-03T03:21:09+00:00,546,0,546,284,142,2.0,1,2
3LYJfcfHPXYJreMsASk2jkn69LWEYKzexb,62e873c648d03e1f1f2de66c7a2c5c81c5fc65fb5a13a688987044de62a0e372,937136,2026-02-17T22:01:44+00:00,546,0,546,418,209,2.0,2,2
3LYJfcfHPXYJreMsASk2jkn69LWEYKzexb,87faae64595d5a2a97a41b09084cea1eb137ae5f4f4a03e75a88934e8e714517,935481,2026-02-07T22:31:50+00:00,546,0,546,201,201,1.0,2,2
3LYJfcfHPXYJreMsASk2jkn69LWEYKzexb,92130ddb9c52ba48d79edda97775a5e0d3856dde148a40c3e360ba4af2735641,935024,2026-02-04T18:18:13+00:00,6660,0,6660,151,142,1.0633802816901408,1,2
3LYJfcfHPXYJreMsASk2jkn69LWEYKzexb,c1758bca74ddc8eda4f057a607e045c6be68e80d6827fca21e03a8f6da6b9fa1,934566,2026-02-01T06:57:48+00:00,546,0,546,201,201,1.0,2,2
3M219KR5vEneNb47ewrPfWyb5jQ2DjxRP6,a89534d502b350f908ff9335394234b99f45607a6635984db47c108150e7bf5e,968175,2026-09-22T19:45:45+00:00,0,1852160212179,-1852160212179,12516,4166,3.0043206913106095,45,2
3M219KR5vEneNb47ewrPfWyb5jQ2DjxRP6,20ea3fdd4656f5a9411541c80652e88043d8f5e1ab5d3c13ae9837ac386174cb,968173,2026-09-22T19:37:24+00:00,0,630690400547,-630690400547,1314,438,3.0,4,2
3M219KR5vEneNb47ewrPfWyb5jQ2DjxRP6,81e4d3db2f40862af0e48d872dc43538fca3c00102ccbb5051afb58fa50d33fb,967898,2026-09-20T21:32:26+00:00,488510300000,0,488510300000,24255,4823,5.029027576197388,70,2
3M219KR5vEneNb47ewrPfWyb5jQ2DjxRP6,abfadb27a4fce2af5365c2652f5c40e0e5c4c3cf317d9417d31b99488abaea5c,967546,2026-09-18T11:24:15+00:00,1281,0,1281,322,142,2.267605633802817,1,2
3M219KR5vEneNb47ewrPfWyb5jQ2DjxRP6,060a8293811331c8cdd6bc641564bf06bbc2ab4e6ad30563bceb55252e5ebfd4,967458,2026-09-17T19:51:08+00:00,515177500000,0,515177500000,15385,3061,5.026135249918327,44,2
3M219KR5vEneNb47ewrPfWyb5jQ2DjxRP6,3278c08cee89695acbd6c43159aac5f14b2074c1e267c231092e60e0ab74b1b1,967201,2026-09-15T23:49:12+00:00,562313700000,0,562313700000,26645,5300,5.027358490566038,77,2
3M219KR5vEneNb47ewrPfWyb5jQ2DjxRP6,5ebe7db74122ebad3507f5e02e7b18ca7af294a00e67f2390912fafb08353ae2,966993,2026-09-14T16:47:04+00:00,546,0,546,210,210,1.0,2,2
3M219KR5vEneNb47ewrPfWyb5jQ2DjxRP6,8d9c09bd5cdb6d854bf31377d307f67a30044ea3ee11a3f6d28929e418e6856c,966534,2026-09-11T17:45:21+00:00,546,0,546,201,201,1.0,2,2
3M219KR5vEneNb47ewrPfWyb5jQ2DjxRP6,508857ebe7978c0e06187ea3fd2c97ad55d165653c78fcf39cfa8c7535cd08af,965274,2026-09-03T07:07:41+00:00,483448400000,0,483448400000,19480,3876,5.025799793601651,56,2
3M219KR5vEneNb47ewrPfWyb5jQ2DjxRP6,139bea5afdba776eac23ac6fcd55f9ff6a8ae9b9f8345812c15b448b1e29b12f,965137,2026-09-02T07:35:23+00:00,700,0,700,448,255,1.7568627450980392,1,2
3M219KR5vEneNb47ewrPfWyb5jQ2DjxRP6,157d1011a5bb4c4f79e21a74d6abe9272ac88d58589b2e52d3a31ca944022479,964330,2026-08-27T17:51:31+00:00,546,0,546,201,201,1.0,2,2
3M219KR5vEneNb47ewrPfWyb5jQ2DjxRP6,38119b8ce3f732efc3daa922c7c23eb1d356209ce44aa3649591d5dccfcc9cf3,964318,2026-08-27T15:57:29+00:00,546,0,546,210,210,1.0,2,2
3M219KR5vEneNb47ewrPfWyb5jQ2DjxRP6,7b77e72b87887b494fa428990dab03db3ce91305a48cd174073724ed2d4bb0ae,963775,2026-08-23T21:46:03+00:00,765316300000,0,765316300000,41660,8286,5.027757663528844,121,2
3M219KR5vEneNb47ewrPfWyb5jQ2DjxRP6,919efde72d1a56399d6fbe78c97642debfa7055b602152dc9ed83e178e1f371e,963434,2026-08-21T11:47:40+00:00,575421500000,0,575421500000,33470,6658,5.027035145689396,97,2
3M219KR5vEneNb47ewrPfWyb5jQ2DjxRP6,7fc9dcc1eb75e8925c466bcb57f6690a7fd49068098dc536d7d56540b3b73d00,963197,2026-08-19T16:53:46+00:00,546,0,546,356,325,1.0953846153846154,3,3
3M219KR5vEneNb47ewrPfWyb5jQ2DjxRP6,c4923e5bcfc37a2fc27b9a4fd44567b9761961d9759d28701574d32197eb87c8,962948,2026-08-17T21:11:32+00:00,473568000000,0,473568000000,12995,2586,5.025135344160867,37,2
3M219KR5vEneNb47ewrPfWyb5jQ2DjxRP6,74ee52f64e05755ae17b31ff0e9bcce17a845c7aaf41717538d0954cf54e276f,962183,2026-08-12T19:24:55+00:00,454926800000,0,454926800000,30744,5096,6.032967032967033,74,2
3M219KR5vEneNb47ewrPfWyb5jQ2DjxRP6,537050fee535ed88be56d1b9acf959355ee240d9d74a02143e8ff76736be1155,961989,2026-08-11T09:30:14+00:00,425814300000,0,425814300000,24940,4959,5.029239766081871,72,2
3M219KR5vEneNb47ewrPfWyb5jQ2DjxRP6,13ea49827fc5f932d623a1ff76659af8f90e3e7a88df523fd1bf5546c8f4a38e,961878,2026-08-10T13:21:07+00:00,200006987534,0,200006987534,289,158,1.8291139240506329,2,1
3M219KR5vEneNb47ewrPfWyb5jQ2DjxRP6,89b43e33ddb5d18c86a3712af0204163d96044ca2084f3ced75ed8dd0e88fbd6,961656,2026-08-09T01:20:42+00:00,546,0,546,201,201,1.0,2,2
3M219KR5vEneNb47ewrPfWyb5jQ2DjxRP6,406eaaad8756ff80d5fda77986eabea0f52e66e0d549118215f857a9c31ebfee,961655,2026-08-09T01:20:03+00:00,547,0,547,270608,209342,1.2926598580313553,7,6501
3M219KR5vEneNb47ewrPfWyb5jQ2DjxRP6,b512c3d2fb8e4331b23c5dbe4936f56c89ddfd41571cdc8494f907ba8aa6d324,961409,2026-08-07T09:41:00+00:00,546,0,546,116,257,0.45136186770428016,2,2
3M219KR5vEneNb47ewrPfWyb5jQ2DjxRP6,715202f76289d774a7fd8645b4fb876557e795e6e2958aa5d8aaa97b387594dc,961408,2026-08-07T09:30:49+00:00,546,0,546,358,327,1.0948012232415902,3,3
3M219KR5vEneNb47ewrPfWyb5jQ2DjxRP6,996a10bfbfdd8b147f6b0deeac22cdcfc8e9e8829673a57cf827dca5a9e9ad9d,961403,2026-08-07T08:51:32+00:00,546,0,546,134,257,0.5214007782101168,2,2
3M219KR5vEneNb47ewrPfWyb5jQ2DjxRP6,bde0ab2376e3ef6faf9a08c0a0305a1e87fc883282c1289d1ce2bae1407d0b39,961225,2026-08-06T00:26:22+00:00,546,0,546,210,210,1.0,2,2
bc1qm34lsc65zpw79lxes69zkqmk6ee3ewf0j77s3h,8c9fc2febc9a2fd208e5cda32d9e8650ef8ff4c7c997f4714588e74a09fe6f24,969957,2026-10-05T04:54:14+00:00,906813125,909836276,-3023151,1570,314,5.0,1,7
bc1qm34lsc65zpw79lxes69zkqmk6ee3ewf0j77s3h,a4d7fd298ea7fe247fa8948daa0eaf0d63a9cba8e034b8cffae88d6954027e94,969956,2026-10-05T04:52:27+00:00,134841690,174438491,-39596801,1020,204,5.0,1,4
bc1qm34lsc65zpw79lxes69zkqmk6ee3ewf0j77s3h,804b749d602a583a014a5f5f3951211f60d8ed6efe8bf8e769991bce99a61080,969956,2026-10-05T04:52:27+00:00,149636142,158754592,-9118450,1200,240,5.0,1,5
bc1qm34lsc65zpw79lxes69zkqmk6ee3ewf0j77s3h,0357d99b5bff190100f9b0b9adabdb354fd5d15b07f0db3ce18ca9af439f6926,969956,2026-10-05T04:52:27+00:00,86916615,91747644,-4831029,1230,246,5.0,1,5
bc1qm34lsc65zpw79lxes69zkqmk6ee3ewf0j77s3h,8ded75225fb4fa88a125705ee856a4819cdd20f723174332aa62c33ca2e98ed8,969955,2026-10-05T04:52:10+00:00,2502315408,2521694707,-19379299,1500,300,5.0,1,7
bc1qm34lsc65zpw79lxes69zkqmk6ee3ewf0j77s3h,0bf18800c91aa625be4fa5bef32dad988f6130b3678e83585e3d6516269f98c0,969955,2026-10-05T04:52:10+00:00,704205400,771900680,-67695280,1810,362,5.0,1,9
bc1qm34lsc65zpw79lxes69zkqmk6ee3ewf0j77s3h,fe013867bc904bfed7bb17caabbf8702ba29d6aa68aa86158cabd1d00fabcfac,969955,2026-10-05T04:52:10+00:00,124487569,125032834,-545265,1230,246,5.0,1,5
bc1qm34lsc65zpw79lxes69zkqmk6ee3ewf0j77s3h,7849cd51b82d2ef06f16089f5aa86243b6d75a51d792bd5c96c6878e22a51e8b,969955,2026-10-05T04:52:10+00:00,107174828,142013470,-34838642,2335,467,5.0,1,12
bc1qm34lsc65zpw79lxes69zkqmk6ee3ewf0j77s3h,24d3d606ca0801b4ec571628f82d450a648957975999d3b411398a2d47b9e081,969955,2026-10-05T04:52:10+00:00,924943007,1071989129,-147046122,1180,236,5.0,1,5
bc1qm34lsc65zpw79lxes69zkqmk6ee3ewf0j77s3h,7cf74187d360731ab5c39c7bba5efa792bc6117b5f52c1f097b4b86c340f367f,969955,2026-10-05T04:52:10+00:00,2920521981,3095591174,-175069193,1965,393,5.0,1,10
bc1qm34lsc65zpw79lxes69zkqmk6ee3ewf0j77s3h,cd03b95137848ebb4ab884b57e976c63afea57f04fd841762d7ff257ba159f7a,969955,2026-10-05T04:52:10+00:00,75641056,699216197,-623575141,1870,374,5.0,1,9
bc1qm34lsc65zpw79lxes69zkqmk6ee3ewf0j77s3h,ce908ef818e4273d1f541051ad54d521702d3ab9e9ba753bb1bcf27170436968,969955,2026-10-05T04:52:10+00:00,317888187,559539364,-241651177,1995,399,5.0,1,10
bc1qm34lsc65zpw79lxes69zkqmk6ee3ewf0j77s3h,eafcdc9ffd1337708e4b6eaee2d4cc7715ab9c0299beb58b09fc0d16ebf54750,969955,2026-10-05T04:52:10+00:00,319818151,320666911,-848760,1025,205,5.0,1,4
bc1qm34lsc65zpw79lxes69zkqmk6ee3ewf0j77s3h,b388bf66ef7a4266cc44d4266eb6420b4ebc34bb1762ca2862fb9db7c6a38333,969955,2026-10-05T04:52:10+00:00,1059617063,1103443688,-43826625,2250,450,5.0,1,11
bc1qm34lsc65zpw79lxes69zkqmk6ee3ewf0j77s3h,987bc205530e9668f448eb9c211f606fba84534b70724dbe2f82443a3434ce1c,969955,2026-10-05T04:52:10+00:00,471420479,473991550,-2571071,1825,365,5.0,1,9
bc1qm34lsc65zpw79lxes69zkqmk6ee3ewf0j77s3h,8e290a75bbbca5ff9efb7fd3ba36637bbf1de7d986cf7b84364b9481e0efda08,969955,2026-10-05T04:52:10+00:00,2530145688,2532982907,-2837219,1725,345,5.0,1,8
bc1qm34lsc65zpw79lxes69zkqmk6ee3ewf0j77s3h,03d0bf9f8c27e09949b40b72a2a7d3f522deba6da34d3b6db270bef7d55a5703,969955,2026-10-05T04:52:10+00:00,281072533,299547550,-18475017,2025,405,5.0,1,10
bc1qm34lsc65zpw79lxes69zkqmk6ee3ewf0j77s3h,1d7685aaed7a138227a22881adc478d93824bc60d25f483b6446b50e6169fcdc,969955,2026-10-05T04:52:10+00:00,199949926,0,199949926,17962,8891,2.0202451917669553,60,1
bc1qm34lsc65zpw79lxes69zkqmk6ee3ewf0j77s3h,5f31972c8dccde8bdf7b38b2b35b65ed7049bb33e5883abc5f56c7da78c276b5,969955,2026-10-05T04:52:10+00:00,9760073653,0,9760073653,6340,3139,2.019751513220771,21,1
bc1qm34lsc65zpw79lxes69zkqmk6ee3ewf0j77s3h,29072088d48d3e6d0f298fbbda891851845f5f7b191ebcc23259bb9440248fa4,969955,2026-10-05T04:52:10+00:00,80761328,0,80761328,17962,8896,2.019109712230216,60,1
bc1qm34lsc65zpw79lxes69zkqmk6ee3ewf0j77s3h,44f7ad2610f48084fa2cf846c6365bedc4c500963addc18f7208f454a1d2625f,969955,2026-10-05T04:52:10+00:00,53300258,0,53300258,17962,8893,2.0197908467333856,60,1
bc1qm34lsc65zpw79lxes69zkqmk6ee3ewf0j77s3h,31d6cc1c83cb597e4cf39a4e06ed7c68d083143321ea2742a9a75314c3334b13,969955,2026-10-05T04:52:10+00:00,4349882939,0,4349882939,17962,8892,2.0200179937022043,60,1
bc1qm34lsc65zpw79lxes69zkqmk6ee3ewf0j77s3h,3662afa30e5d4fd3b431db12d52eeb340a1c3104f45e0a185af1e99ac281d8f8,969954,2026-10-05T04:29:31+00:00,188715306,283666470,-94951164,2575,515,5.0,1,13
bc1qm34lsc65zpw79lxes69zkqmk6ee3ewf0j77s3h,55cd0abcc5948d50810546e648ad97d76322d1db43b6dd2955340e25f8265ac2,969954,2026-10-05T04:29:31+00:00,24848562,245529776,-220681214,1345,269,5.0,1,6
bc1qm34lsc65zpw79lxes69zkqmk6ee3ewf0j77s3h,b44ead0e97a2795604caede7bbce94e87ea44d67a9925f00e802ee1b547dc3bb,969954,2026-10-05T04:29:31+00:00,1116183424,4477638226,-3361454802,2560,512,5.0,1,13
bc1q43krjn8qvfydqs9lq8crg26er4c26hkpd2mpw7,937edbadf19d20c4ecd9e6c2f0e7a8f2acd3edd0c12d7fe63476951e4432faf7,914024,2025-09-10T07:04:54+00:00,0,457067,-457067,347,346,1.0028901734104045,4,2
bc1q43krjn8qvfydqs9lq8crg26er4c26hkpd2mpw7,8af5d9c41a6d113c49a656df98aba02ad15586a8dfd4c61e4802d323fd12ba55,879520,2025-01-16T17:00:16+00:00,457067,0,457067,3481,685,5.081751824817518,9,2
bc1qhsuvec03zslh9qvauksh2wc9hy9za7csxem5ea,6f8b7cd0ce94c94fdabd7b75f6647401f07d458c9852ba6d1c4f1969a42d13b9,894622,2025-04-30T15:01:00+00:00,0,89999708,-89999708,300,141,2.127659574468085,1,2
bc1qhsuvec03zslh9qvauksh2wc9hy9za7csxem5ea,637a53f110f340f8964e6f5f254731b7ee9018c0914da9e0bd1173efc10c389d,886268,2025-03-04T10:47:33+00:00,89999708,0,89999708,292,141,2.0709219858156027,1,2
bc1q9rqfux88j6az0wl957u2jdykgw5m5r72hcaclu,5251e9661231b82bb97ec0fc8373aa05ee5864b661a31eb1921a20eda2649a05,896789,2025-05-15T06:15:06+00:00,0,2999999395,-2999999395,169,142,1.1901408450704225,1,2
bc1q9rqfux88j6az0wl957u2jdykgw5m5r72hcaclu,450467db0363433693189691d1980380e5879d7f14e7d7a3f942c92541f312b7,887192,2025-03-10T16:57:32+00:00,2999999395,0,2999999395,320,142,2.2535211267605635,1,2
