address,network,purpose,entity_name,entity_source_url,entity_evidence,storage_type,storage_source_url,hardware_wallet,hardware_source_url,illicit_label,illicit_source_url,reviewed_at_utc,notes,lookup_status,wallet_id,service_label,updated_to_block,retrieved_at_utc,source_url,cached,error
16SbwNa22nBwhLtg6HzWVYFQiUxtNzAUpt,bitcoin_mainnet,api_smoke_test,BTC-e.com,https://www.walletexplorer.com/api/1/address-lookup?address=16SbwNa22nBwhLtg6HzWVYFQiUxtNzAUpt,provider_attribution,unknown,,unknown,,unknown,,2026-10-05T03:24:34.787705+00:00,WalletExplorer documentation example; not independent ground truth; label validity period unknown.,found,000003a2f31608c0,BTC-e.com,969756,2026-10-05T04:42:57.847002+00:00,https://www.walletexplorer.com/api/1/address-lookup?address=16SbwNa22nBwhLtg6HzWVYFQiUxtNzAUpt,False,
1Kr6QSydW9bFQG1mXiPNNu6WpJGmUa9i1g,bitcoin_mainnet,research_sample,Bitfinex,https://github.com/bitfinexcom/pub/blob/83d06bdb5f5a2ce05d5ba2db5a426dd44c9f5128/wallets.txt,first_party_publication,hot,https://github.com/bitfinexcom/pub/blob/83d06bdb5f5a2ce05d5ba2db5a426dd44c9f5128/wallets.txt,unknown,,unknown,,2026-10-05T04:29:06+00:00,Self-declared hot wallet in pinned publication; operational validity interval not specified; not a cryptographic ownership proof.,found,00000ce9ca742500,,969756,2026-10-05T04:43:04.022063+00:00,https://www.walletexplorer.com/api/1/address-lookup?address=1Kr6QSydW9bFQG1mXiPNNu6WpJGmUa9i1g,False,
3JZq4atUahhuA9rLhXLMhhTo133J9rF97j,bitcoin_mainnet,research_sample,Bitfinex,https://github.com/bitfinexcom/pub/blob/83d06bdb5f5a2ce05d5ba2db5a426dd44c9f5128/wallets.txt,first_party_publication,cold,https://github.com/bitfinexcom/pub/blob/83d06bdb5f5a2ce05d5ba2db5a426dd44c9f5128/wallets.txt,unknown,,unknown,,2026-10-05T04:29:06+00:00,Self-declared cold wallet in pinned publication; operational validity interval not specified; not a cryptographic ownership proof.,found,07dbc2743bc148af,,969756,2026-10-05T04:43:10.363990+00:00,https://www.walletexplorer.com/api/1/address-lookup?address=3JZq4atUahhuA9rLhXLMhhTo133J9rF97j,False,
bc1qgdjqv0av3q56jvd82tkdjpy7gdp9ut8tlqmgrpmv24sq90ecnvqqjwvw97,bitcoin_mainnet,research_sample,Bitfinex,https://github.com/bitfinexcom/pub/blob/83d06bdb5f5a2ce05d5ba2db5a426dd44c9f5128/wallets.txt,first_party_publication,cold,https://github.com/bitfinexcom/pub/blob/83d06bdb5f5a2ce05d5ba2db5a426dd44c9f5128/wallets.txt,unknown,,unknown,,2026-10-05T04:29:06+00:00,Self-declared cold wallet in pinned publication; operational validity interval not specified; not a cryptographic ownership proof.,found,1c604af8fad4c417,,969756,2026-10-05T04:43:16.546450+00:00,https://www.walletexplorer.com/api/1/address-lookup?address=bc1qgdjqv0av3q56jvd82tkdjpy7gdp9ut8tlqmgrpmv24sq90ecnvqqjwvw97,False,
34xp4vRoCGJym3xR7yCVPFHoCNxv4Twseo,bitcoin_mainnet,research_sample,Binance,https://www.binance.com/en-IN/blog/community/2895840147147652626,first_party_publication,unknown,,unknown,,unknown,,2026-10-05T04:29:06+00:00,Historical reserve snapshot 2022-11-10T00:00:00Z; article updated 2023-10-09; hot/cold not assigned per address; current ownership not established.,found,011cf39664426f5d,,969756,2026-10-05T04:43:22.954057+00:00,https://www.walletexplorer.com/api/1/address-lookup?address=34xp4vRoCGJym3xR7yCVPFHoCNxv4Twseo,False,
3LYJfcfHPXYJreMsASk2jkn69LWEYKzexb,bitcoin_mainnet,research_sample,Binance,https://www.binance.com/en-IN/blog/community/2895840147147652626,first_party_publication,unknown,,unknown,,unknown,,2026-10-05T04:29:06+00:00,Historical reserve snapshot 2022-11-10T00:00:00Z; article updated 2023-10-09; hot/cold not assigned per address; current ownership not established.,found,d52483ee055dff58,,969756,2026-10-05T04:43:29.605716+00:00,https://www.walletexplorer.com/api/1/address-lookup?address=3LYJfcfHPXYJreMsASk2jkn69LWEYKzexb,False,
3M219KR5vEneNb47ewrPfWyb5jQ2DjxRP6,bitcoin_mainnet,research_sample,Binance,https://www.binance.com/en-IN/blog/community/2895840147147652626,first_party_publication,unknown,,unknown,,unknown,,2026-10-05T04:29:06+00:00,Historical reserve snapshot 2022-11-10T00:00:00Z; article updated 2023-10-09; hot/cold not assigned per address; current ownership not established.,found,03c2b530d661aa40,,969756,2026-10-05T04:43:36.035615+00:00,https://www.walletexplorer.com/api/1/address-lookup?address=3M219KR5vEneNb47ewrPfWyb5jQ2DjxRP6,False,
bc1qm34lsc65zpw79lxes69zkqmk6ee3ewf0j77s3h,bitcoin_mainnet,research_sample,Binance,https://www.binance.com/en-IN/blog/community/2895840147147652626,first_party_publication,unknown,,unknown,,unknown,,2026-10-05T04:29:06+00:00,Historical reserve snapshot 2022-11-10T00:00:00Z; article updated 2023-10-09; hot/cold not assigned per address; current ownership not established.,found,4f2bef8f274a0e23,,969756,2026-10-05T04:43:43.381727+00:00,https://www.walletexplorer.com/api/1/address-lookup?address=bc1qm34lsc65zpw79lxes69zkqmk6ee3ewf0j77s3h,False,
bc1q43krjn8qvfydqs9lq8crg26er4c26hkpd2mpw7,bitcoin_mainnet,research_sample,Change,https://www.changeinvest.com/blog/change-proof-of-reserves-2025-update,first_party_publication,cold,https://www.changeinvest.com/blog/change-proof-of-reserves-2025-update,unknown,,unknown,,2026-10-05T04:42:49+00:00,Cold-storage snapshot 2025-03-31T23:59:00Z; published 2025-04-21; first three BTC rows selected in source order; report mentions Ledger at storage-system level but no address-specific device/model; current storage/control unverified.,found,05c1df898b92c6cb,,969756,2026-10-05T04:43:50.038314+00:00,https://www.walletexplorer.com/api/1/address-lookup?address=bc1q43krjn8qvfydqs9lq8crg26er4c26hkpd2mpw7,False,
bc1qhsuvec03zslh9qvauksh2wc9hy9za7csxem5ea,bitcoin_mainnet,research_sample,Change,https://www.changeinvest.com/blog/change-proof-of-reserves-2025-update,first_party_publication,cold,https://www.changeinvest.com/blog/change-proof-of-reserves-2025-update,unknown,,unknown,,2026-10-05T04:42:49+00:00,Cold-storage snapshot 2025-03-31T23:59:00Z; published 2025-04-21; first three BTC rows selected in source order; report mentions Ledger at storage-system level but no address-specific device/model; current storage/control unverified.,found,a149d1186b981fc9,,969756,2026-10-05T04:43:56.575638+00:00,https://www.walletexplorer.com/api/1/address-lookup?address=bc1qhsuvec03zslh9qvauksh2wc9hy9za7csxem5ea,False,
bc1q9rqfux88j6az0wl957u2jdykgw5m5r72hcaclu,bitcoin_mainnet,research_sample,Change,https://www.changeinvest.com/blog/change-proof-of-reserves-2025-update,first_party_publication,cold,https://www.changeinvest.com/blog/change-proof-of-reserves-2025-update,unknown,,unknown,,2026-10-05T04:42:49+00:00,Cold-storage snapshot 2025-03-31T23:59:00Z; published 2025-04-21; first three BTC rows selected in source order; report mentions Ledger at storage-system level but no address-specific device/model; current storage/control unverified.,found,976e12c66e26baf4,,969756,2026-10-05T04:44:02.641545+00:00,https://www.walletexplorer.com/api/1/address-lookup?address=bc1q9rqfux88j6az0wl957u2jdykgw5m5r72hcaclu,False,
